player_id,player_name,surface,tourney_id,tourney_date,tourney_name,ace,df,firstIn,firstWon,secondWon,bpFaced,bpSaved,SvGms
103333,Ivo Karlovic       ,Hard,2010-580,01/18/2010,Austral,94,13,226,195,60,31,24,61
103794,Benjamin Becker    ,Hard,2010-580,01/18/2010,Austral,16,16,110,88,50,16,8,36
103819,Roger Federer      ,Hard,2010-580,01/18/2010,Austral,57,12,401,309,133,48,35,107
103852,Feliciano Lopez    ,Hard,2010-580,01/18/2010,Austral,23,6,118,86,49,14,10,32
103898,Julien Benneteau   ,Hard,2010-580,01/18/2010,Austral,8,14,186,126,38,24,12,40
103970,David Ferrer       ,Hard,2010-580,01/18/2010,Austral,2,1,21,17,11,0,0,7
104022,Mikhail Youzhny    ,Hard,2010-580,01/18/2010,Austral,17,9,147,112,52,16,10,39
104259,Philipp Kohlschreib,Hard,2010-580,01/18/2010,Austral,26,7,130,104,32,17,14,31
104269,Fernando Verdasco  ,Hard,2010-580,01/18/2010,Austral,13,14,172,134,32,18,14,36
104527,Stanislas Wawrinka ,Hard,2010-580,01/18/2010,Austral,18,9,92,79,38,6,6,26
104542,Jo Wilfried Tsonga ,Hard,2010-580,01/18/2010,Austral,91,10,373,292,125,31,19,100
104545,John Isner         ,Hard,2010-580,01/18/2010,Austral,81,10,260,202,71,19,13,63
104607,Tomas Berdych      ,Hard,2010-580,01/18/2010,Austral,2,1,33,26,21,3,2,12
104745,Rafael Nadal       ,Hard,2010-580,01/18/2010,Austral,20,7,263,194,88,25,19,66
104792,Gael Monfils       ,Hard,2010-580,01/18/2010,Austral,11,11,118,91,33,6,2,30
104797,Denis Istomin      ,Hard,2010-580,01/18/2010,Austral,15,4,99,77,33,3,1,26
104918,Andy Murray        ,Hard,2010-580,01/18/2010,Austral,54,9,304,237,122,39,29,86
104925,Novak Djokovic     ,Hard,2010-580,01/18/2010,Austral,29,22,238,181,61,34,27,56
105053,Santiago Giraldo   ,Hard,2010-580,01/18/2010,Austral,2,0,40,32,23,2,2,13
105227,Marin Cilic        ,Hard,2010-580,01/18/2010,Austral,81,19,378,298,161,50,32,113
103819,Roger Federer      ,Clay,2010-520,05/24/2010,Roland ,26,3,214,167,74,13,11,55
103898,Julien Benneteau   ,Clay,2010-520,05/24/2010,Roland ,3,1,36,25,13,4,3,9
103970,David Ferrer       ,Clay,2010-520,05/24/2010,Roland ,10,5,65,56,20,4,2,20
104022,Mikhail Youzhny    ,Clay,2010-520,05/24/2010,Roland ,17,7,209,152,64,24,15,53
104198,Guillermo Garcia Lo,Clay,2010-520,05/24/2010,Roland ,5,5,60,45,26,5,5,15
104259,Philipp Kohlschreib,Clay,2010-520,05/24/2010,Roland ,21,5,103,81,55,10,7,30
104269,Fernando Verdasco  ,Clay,2010-520,05/24/2010,Roland ,14,19,242,168,42,27,14,53
104312,Andreas Seppi      ,Clay,2010-520,05/24/2010,Roland ,9,1,72,49,15,10,6,17
104527,Stanislas Wawrinka ,Clay,2010-520,05/24/2010,Roland ,31,10,128,104,61,8,7,40
104542,Jo Wilfried Tsonga ,Clay,2010-520,05/24/2010,Roland ,41,14,232,189,82,18,14,60
104545,John Isner         ,Clay,2010-520,05/24/2010,Roland ,46,7,154,124,38,4,2,37
104607,Tomas Berdych      ,Clay,2010-520,05/24/2010,Roland ,49,13,213,187,97,11,8,67
104665,Pablo Andujar      ,Clay,2010-520,05/24/2010,Roland ,12,6,114,88,28,8,2,30
104745,Rafael Nadal       ,Clay,2010-520,05/24/2010,Roland ,19,8,461,333,88,43,32,100
104792,Gael Monfils       ,Clay,2010-520,05/24/2010,Roland ,22,18,164,114,48,20,12,40
104797,Denis Istomin      ,Clay,2010-520,05/24/2010,Roland ,24,4,116,90,40,12,8,34
104918,Andy Murray        ,Clay,2010-520,05/24/2010,Roland ,30,17,222,164,90,31,21,58
104919,Leonardo Mayer     ,Clay,2010-520,05/24/2010,Roland ,19,7,131,104,46,9,5,36
104925,Novak Djokovic     ,Clay,2010-520,05/24/2010,Roland ,14,23,278,203,66,28,18,65
104926,Fabio Fognini      ,Clay,2010-520,05/24/2010,Roland ,8,14,192,133,44,25,12,49
105227,Marin Cilic        ,Clay,2010-520,05/24/2010,Roland ,22,10,197,144,107,31,25,57
105238,Alexandr Dolgopolov,Clay,2010-520,05/24/2010,Roland ,37,10,200,153,106,21,13,60
105453,Kei Nishikori      ,Clay,2010-520,05/24/2010,Roland ,8,2,162,118,76,20,14,48
103794,Benjamin Becker    ,Gras,2010-540,06/30/2010,Wimbled,54,6,130,120,26,10,6,38
103819,Roger Federer      ,Gras,2010-540,06/21/2010,Wimbled,55,13,261,208,100,16,12,72
103852,Feliciano Lopez    ,Gras,2010-540,06/21/2010,Wimbled,44,7,127,106,64,14,10,40
103898,Julien Benneteau   ,Gras,2010-540,06/21/2010,Wimbled,64,15,301,220,65,39,27,65
103970,David Ferrer       ,Gras,2010-540,06/21/2010,Wimbled,45,8,236,181,70,24,16,62
104022,Mikhail Youzhny    ,Gras,2010-540,06/11/2010,Wimbled,7,4,95,60,21,11,4,21
104229,Yen Hsun Lu        ,Gras,2010-540,06/21/2010,Wimbled,73,12,267,224,95,17,14,73
104259,Philipp Kohlschreib,Gras,2010-540,06/21/2010,Wimbled,34,9,183,148,45,15,9,47
104312,Andreas Seppi      ,Gras,2010-540,06/20/2010,Wimbled,11,2,63,53,16,3,1,16
104468,Gilles Simon       ,Gras,2010-540,06/11/2010,Wimbled,6,3,61,50,23,4,3,16
104542,Jo Wilfried Tsonga ,Gras,2010-540,06/21/2010,Wimbled,85,15,313,264,99,22,18,84
104545,John Isner         ,Gras,2010-540,06/11/2010,Wimbled,113,10,361,292,82,3,2,90
104607,Tomas Berdych      ,Gras,2010-540,06/21/2010,Wimbled,98,23,407,344,170,29,23,114
104745,Rafael Nadal       ,Gras,2010-540,06/21/2010,Wimbled,54,15,482,381,140,23,15,124
104792,Gael Monfils       ,Gras,2010-540,06/21/2010,Wimbled,48,8,134,113,45,8,7,35
104797,Denis Istomin      ,Gras,2010-540,06/21/2010,Wimbled,17,2,195,140,57,19,10,48
104871,Jeremy Chardy      ,Gras,2010-540,06/21/2010,Wimbled,47,13,149,126,67,13,11,42
104918,Andy Murray        ,Gras,2010-540,06/21/2010,Wimbled,74,8,244,206,122,21,18,78
104925,Novak Djokovic     ,Gras,2010-540,06/21/2010,Wimbled,50,30,303,234,110,27,17,86
104926,Fabio Fognini      ,Gras,2010-540,06/21/2010,Wimbled,15,15,198,144,62,14,4,49
105023,Sam Querrey        ,Gras,2010-540,06/21/2010,Wimbled,62,9,238,190,81,18,13,61
105238,Alexandr Dolgopolov,Gras,2010-540,06/11/2010,Wimbled,13,3,43,35,18,6,4,14
103794,Benjamin Becker    ,Hard,2010-560,08/30/2010,US Open,17,7,61,47,26,5,3,17
103819,Roger Federer      ,Hard,2010-560,08/30/2010,US Open,74,4,258,212,95,25,20,73
103852,Feliciano Lopez    ,Hard,2010-560,08/30/2010,US Open,43,16,160,131,73,14,10,48
103898,Julien Benneteau   ,Hard,2010-560,08/30/2010,US Open,23,11,76,59,22,12,9,19
103970,David Ferrer       ,Hard,2010-560,08/30/2010,US Open,21,6,148,117,62,11,9,41
103990,Tommy Robredo      ,Hard,2010-560,08/30/2010,US Open,14,6,153,117,52,7,4,40
104022,Mikhail Youzhny    ,Hard,2010-560,08/30/2010,US Open,21,28,345,247,146,32,20,96
104198,Guillermo Garcia Lo,Hard,2010-560,08/20/2010,US Open,9,2,56,42,20,9,7,15
104259,Philipp Kohlschreib,Hard,2010-560,08/30/2010,US Open,11,3,61,46,23,10,7,18
104269,Fernando Verdasco  ,Hard,2010-560,08/30/2010,US Open,50,30,301,224,99,39,26,78
104468,Gilles Simon       ,Hard,2010-560,08/30/2010,US Open,20,4,101,82,52,8,4,34
104527,Stanislas Wawrinka ,Hard,2010-560,08/30/2010,US Open,54,16,261,213,130,33,24,78
104545,John Isner         ,Hard,2010-560,08/30/2010,US Open,43,5,127,111,41,2,1,35
104655,Pablo Cuevas       ,Hard,2010-560,08/20/2010,US Open,13,0,50,40,18,2,0,14
104731,Kevin Anderson     ,Hard,2010-560,08/30/2010,US Open,26,3,171,137,40,6,4,42
104745,Rafael Nadal       ,Hard,2010-560,08/30/2010,US Open,45,13,398,325,142,20,15,111
104755,Richard Gasquet    ,Hard,2010-560,08/30/2010,US Open,26,10,157,125,67,13,10,45
104792,Gael Monfils       ,Hard,2010-560,08/30/2010,US Open,57,18,288,221,95,20,11,77
104797,Denis Istomin      ,Hard,2010-560,08/30/2010,US Open,6,2,47,37,24,7,4,16
104871,Jeremy Chardy      ,Hard,2010-560,08/30/2010,US Open,18,5,58,49,24,8,8,15
104918,Andy Murray        ,Hard,2010-560,08/30/2010,US Open,22,6,89,73,35,3,1,27
104925,Novak Djokovic     ,Hard,2010-560,08/30/2010,US Open,21,24,469,330,121,47,34,108
105023,Sam Querrey        ,Hard,2010-560,08/30/2010,US Open,49,17,161,137,66,20,16,49
105173,Adrian Mannarino   ,Hard,2010-560,08/20/2010,US Open,10,6,95,70,27,13,8,24
105227,Marin Cilic        ,Hard,2010-560,08/30/2010,US Open,8,1,44,33,20,4,2,14
105453,Kei Nishikori      ,Hard,2010-560,08/30/2010,US Open,20,13,139,106,44,14,7,35
103794,Benjamin Becker    ,Hard,2011-580,01/17/2011,Austral,12,2,56,47,20,5,4,15
103819,Roger Federer      ,Hard,2011-580,01/17/2011,Austral,41,4,296,229,84,16,7,79
103852,Feliciano Lopez    ,Hard,2011-580,01/17/2011,Austral,17,6,61,46,21,10,7,16
103970,David Ferrer       ,Hard,2011-580,01/17/2011,Austral,28,9,264,208,77,21,13,73
103990,Tommy Robredo      ,Hard,2011-580,01/17/2011,Austral,13,6,225,157,67,35,26,52
104022,Mikhail Youzhny    ,Hard,2011-580,01/17/2011,Austral,17,4,143,112,54,18,15,38
104198,Guillermo Garcia Lo,Hard,2011-580,01/17/2011,Austral,12,9,123,95,43,16,11,34
104259,Philipp Kohlschreib,Hard,2011-580,01/17/2011,Austral,7,2,110,68,30,15,9,24
104269,Fernando Verdasco  ,Hard,2011-580,01/17/2011,Austral,34,10,197,153,50,25,19,48
104312,Andreas Seppi      ,Hard,2011-580,01/17/2011,Austral,12,5,81,60,29,8,3,23
104468,Gilles Simon       ,Hard,2011-580,01/17/2011,Austral,6,2,59,45,38,6,5,19
104527,Stanislas Wawrinka ,Hard,2011-580,01/17/2011,Austral,54,9,202,162,96,18,13,60
104542,Jo Wilfried Tsonga ,Hard,2011-580,01/17/2011,Austral,31,9,187,137,44,26,19,40
104545,John Isner         ,Hard,2011-580,01/17/2011,Austral,47,9,152,121,29,12,10,34
104607,Tomas Berdych      ,Hard,2011-580,01/17/2011,Austral,32,9,211,177,67,9,5,59
104745,Rafael Nadal       ,Hard,2011-580,01/17/2011,Austral,18,14,178,137,54,16,13,43
104755,Richard Gasquet    ,Hard,2011-580,01/17/2011,Austral,17,5,115,86,37,8,3,31
104792,Gael Monfils       ,Hard,2011-580,01/17/2011,Austral,21,9,154,113,40,16,7,40
104918,Andy Murray        ,Hard,2011-580,01/27/2011,Austral,59,15,327,256,108,40,28,90
104925,Novak Djokovic     ,Hard,2011-580,01/17/2011,Austral,50,14,392,300,97,27,17,93
105053,Santiago Giraldo   ,Hard,2011-580,01/17/2011,Austral,7,2,61,40,24,9,4,19
105173,Adrian Mannarino   ,Hard,2011-580,01/07/2011,Austral,4,3,47,39,17,4,3,14
105227,Marin Cilic        ,Hard,2011-580,01/17/2011,Austral,43,15,196,155,103,24,22,56
105238,Alexandr Dolgopolov,Hard,2011-580,01/17/2011,Austral,54,10,197,162,101,22,8,72
105453,Kei Nishikori      ,Hard,2011-580,01/17/2011,Austral,8,8,155,104,48,24,17,36
105683,Milos Raonic       ,Hard,2011-580,01/17/2011,Austral,76,9,207,167,67,7,2,55
103819,Roger Federer      ,Clay,2011-520,05/22/2011,Roland ,59,9,338,273,114,21,12,93
103898,Julien Benneteau   ,Clay,2011-520,05/12/2011,Roland ,7,3,63,44,21,6,4,16
103970,David Ferrer       ,Clay,2011-520,05/22/2011,Roland ,9,0,131,113,49,3,3,39
104022,Mikhail Youzhny    ,Clay,2011-520,05/22/2011,Roland ,6,7,115,86,43,16,13,31
104198,Guillermo Garcia Lo,Clay,2011-520,05/22/2011,Roland ,17,23,149,114,76,22,16,48
104269,Fernando Verdasco  ,Clay,2011-520,05/22/2011,Roland ,7,10,190,65,24,11,8,20
104312,Andreas Seppi      ,Clay,2011-520,05/12/2011,Roland ,8,1,67,54,15,2,1,17
104468,Gilles Simon       ,Clay,2011-520,05/22/2011,Roland ,9,9,174,124,75,23,16,49
104527,Stanislas Wawrinka ,Clay,2011-520,05/22/2011,Roland ,23,9,240,173,87,24,18,59
104542,Jo Wilfried Tsonga ,Clay,2011-520,05/22/2011,Roland ,20,5,109,87,46,6,5,29
104586,Lukas Rosol        ,Clay,2011-520,05/22/2011,Roland ,27,16,226,166,70,27,18,51
104665,Pablo Andujar      ,Clay,2011-520,05/12/2011,Roland ,6,0,76,50,22,15,13,15
104731,Kevin Anderson     ,Clay,2011-520,05/12/2011,Roland ,22,3,80,64,25,7,5,21
104745,Rafael Nadal       ,Clay,2011-520,05/22/2011,Roland ,27,12,542,379,123,65,45,121
104755,Richard Gasquet    ,Clay,2011-520,05/22/2011,Roland ,20,5,196,146,67,15,10,51
104792,Gael Monfils       ,Clay,2011-520,05/22/2011,Roland ,25,11,259,190,107,31,17,76
104871,Jeremy Chardy      ,Clay,2011-520,05/12/2011,Roland ,4,4,43,36,19,2,1,14
104918,Andy Murray        ,Clay,2011-520,05/22/2011,Roland ,50,14,316,236,99,50,31,84
104919,Leonardo Mayer     ,Clay,2011-520,05/22/2011,Roland ,7,7,119,87,61,7,4,35
104925,Novak Djokovic     ,Clay,2011-520,05/22/2011,Roland ,16,2,146,123,50,8,6,43
104926,Fabio Fognini      ,Clay,2011-520,05/22/2011,Roland ,21,24,260,197,94,33,22,71
105023,Sam Querrey        ,Clay,2011-520,05/22/2011,Roland ,12,5,53,38,33,5,4,17
105238,Alexandr Dolgopolov,Clay,2011-520,05/22/2011,Roland ,20,5,89,71,35,7,6,25
105453,Kei Nishikori      ,Clay,2011-520,05/12/2011,Roland ,1,5,71,46,16,15,12,13
103333,Ivo Karlovic       ,Gras,2011-540,06/30/2011,Wimbled,14,1,27,25,9,0,0,8
103819,Roger Federer      ,Gras,2011-540,06/20/2011,Wimbled,51,2,232,195,71,16,14,61
103852,Feliciano Lopez    ,Gras,2011-540,06/20/2011,Wimbled,100,17,288,239,107,20,15,80
103898,Julien Benneteau   ,Gras,2011-540,06/10/2011,Wimbled,22,4,88,72,18,6,4,22
103970,David Ferrer       ,Gras,2011-540,06/20/2011,Wimbled,13,8,202,158,51,15,9,52
104022,Mikhail Youzhny    ,Gras,2011-540,06/30/2011,Wimbled,26,6,240,187,61,23,18,58
104180,Gilles Muller      ,Gras,2011-540,06/20/2011,Wimbled,42,2,113,88,19,10,7,24
104198,Guillermo Garcia Lo,Gras,2011-540,06/20/2011,Wimbled,3,2,35,25,6,2,0,9
104229,Yen Hsun Lu        ,Gras,2011-540,06/20/2011,Wimbled,9,5,107,85,36,7,6,29
104269,Fernando Verdasco  ,Gras,2011-540,06/10/2011,Wimbled,12,8,125,95,27,17,12,28
104312,Andreas Seppi      ,Gras,2011-540,06/30/2011,Wimbled,12,3,65,49,18,6,4,16
104468,Gilles Simon       ,Gras,2011-540,06/20/2011,Wimbled,10,2,126,98,58,16,10,38
104527,Stanislas Wawrinka ,Gras,2011-540,06/10/2011,Wimbled,11,1,47,40,21,0,0,15
104542,Jo Wilfried Tsonga ,Gras,2011-540,06/30/2011,Wimbled,96,22,378,299,104,35,31,91
104545,John Isner         ,Gras,2011-540,06/30/2011,Wimbled,8,2,66,52,20,2,1,16
104607,Tomas Berdych      ,Gras,2011-540,06/20/2011,Wimbled,38,3,107,95,58,1,0,38
104731,Kevin Anderson     ,Gras,2011-540,06/10/2011,Wimbled,18,4,111,85,26,8,6,26
104745,Rafael Nadal       ,Gras,2011-540,06/20/2011,Wimbled,44,6,402,319,104,21,13,102
104755,Richard Gasquet    ,Gras,2011-540,06/20/2011,Wimbled,35,5,181,132,50,18,11,45
104792,Gael Monfils       ,Gras,2011-540,06/20/2011,Wimbled,29,7,155,118,34,15,9,36
104797,Denis Istomin      ,Gras,2011-540,06/20/2011,Wimbled,18,3,70,61,18,4,3,19
104918,Andy Murray        ,Gras,2011-540,06/20/2011,Wimbled,61,16,280,233,103,14,10,81
104925,Novak Djokovic     ,Gras,2011-540,06/20/2011,Wimbled,61,16,456,353,124,28,17,117
105173,Adrian Mannarino   ,Gras,2011-540,06/10/2011,Wimbled,4,5,116,77,35,19,12,26
105683,Milos Raonic       ,Gras,2011-540,06/20/2011,Wimbled,49,0,114,98,42,2,2,32
105777,Grigor Dimitrov    ,Gras,2011-540,06/20/2011,Wimbled,3,3,87,59,20,9,6,18
103333,Ivo Karlovic       ,Hard,2011-560,08/29/2011,US Open,52,4,144,117,34,8,5,35
103819,Roger Federer      ,Hard,2011-560,08/29/2011,US Open,36,10,257,201,81,15,8,71
103852,Feliciano Lopez    ,Hard,2011-560,08/29/2011,US Open,39,10,133,111,55,12,9,37
103898,Julien Benneteau   ,Hard,2011-560,08/29/2011,US Open,8,11,122,87,36,19,15,28
103970,David Ferrer       ,Hard,2011-560,08/29/2011,US Open,9,11,171,127,66,17,12,46
104180,Gilles Muller      ,Hard,2011-560,08/29/2011,US Open,64,22,186,158,83,26,20,52
104198,Guillermo Garcia Lo,Hard,2011-560,08/29/2011,US Open,8,13,76,57,42,23,15,25
104269,Fernando Verdasco  ,Hard,2011-560,08/29/2011,US Open,18,4,112,92,33,8,4,31
104468,Gilles Simon       ,Hard,2011-560,08/29/2011,US Open,31,15,247,191,98,26,20,65
104527,Stanislas Wawrinka ,Hard,2011-560,08/29/2011,US Open,10,5,53,42,26,6,3,18
104542,Jo Wilfried Tsonga ,Hard,2011-560,08/29/2011,US Open,34,14,250,192,106,18,12,71
104545,John Isner         ,Hard,2011-560,08/29/2011,US Open,79,11,330,254,89,27,20,74
104607,Tomas Berdych      ,Hard,2011-560,08/29/2011,US Open,17,5,85,75,38,5,4,26
104731,Kevin Anderson     ,Hard,2011-560,08/29/2011,US Open,23,2,93,75,24,1,1,23
104745,Rafael Nadal       ,Hard,2011-560,08/29/2011,US Open,25,15,348,259,77,38,25,83
104755,Richard Gasquet    ,Hard,2011-560,08/29/2011,US Open,8,1,51,39,16,5,4,13
104792,Gael Monfils       ,Hard,2011-560,08/29/2011,US Open,2,3,64,43,27,10,7,16
104797,Denis Istomin      ,Hard,2011-560,08/19/2011,US Open,9,0,78,53,32,11,5,22
104918,Andy Murray        ,Hard,2011-560,08/29/2011,US Open,51,16,311,237,106,41,28,83
104925,Novak Djokovic     ,Hard,2011-560,08/29/2011,US Open,37,13,425,309,129,44,26,107
104926,Fabio Fognini      ,Hard,2011-560,08/29/2011,US Open,11,7,80,61,33,7,3,22
105208,Ernests Gulbis     ,Hard,2011-560,08/29/2011,US Open,14,5,62,48,18,10,10,14
105227,Marin Cilic        ,Hard,2011-560,08/29/2011,US Open,10,5,72,50,54,12,8,26
105238,Alexandr Dolgopolov,Hard,2011-560,08/29/2011,US Open,45,19,167,132,103,29,17,59
106058,Jack Sock          ,Hard,2011-560,08/19/2011,US Open,13,6,61,47,24,6,3,18
103333,Ivo Karlovic       ,Hard,2012-580,01/16/2012,Austral,44,5,168,124,38,19,14,36
103819,Roger Federer      ,Hard,2012-580,01/16/2012,Austral,40,6,205,169,83,17,14,58
103852,Feliciano Lopez    ,Hard,2012-580,01/16/2012,Austral,22,17,143,108,65,11,7,41
103898,Julien Benneteau   ,Hard,2012-580,01/16/2012,Austral,12,9,153,101,51,19,11,39
103970,David Ferrer       ,Hard,2012-580,01/16/2012,Austral,14,13,231,172,69,23,13,63
104229,Yen Hsun Lu        ,Hard,2012-580,01/16/2012,Austral,11,6,125,103,40,12,9,36
104259,Philipp Kohlschreib,Hard,2012-580,01/16/2012,Austral,14,3,154,121,66,13,9,43
104468,Gilles Simon       ,Hard,2012-580,01/16/2012,Austral,13,2,72,48,40,11,6,22
104527,Stanislas Wawrinka ,Hard,2012-580,01/16/2012,Austral,5,7,129,90,55,23,17,33
104542,Jo Wilfried Tsonga ,Hard,2012-580,01/16/2012,Austral,33,9,169,127,64,21,16,47
104545,John Isner         ,Hard,2012-580,01/16/2012,Austral,62,6,183,140,53,21,15,45
104607,Tomas Berdych      ,Hard,2012-580,01/16/2012,Austral,69,17,245,211,118,18,14,72
104665,Pablo Andujar      ,Hard,2012-580,01/16/2012,Austral,4,4,53,39,13,7,3,13
104731,Kevin Anderson     ,Hard,2012-580,01/16/2012,Austral,20,8,136,104,35,9,6,32
104745,Rafael Nadal       ,Hard,2012-580,01/16/2012,Austral,27,8,414,318,85,38,29,95
104755,Richard Gasquet    ,Hard,2012-580,01/16/2012,Austral,21,4,141,106,47,9,3,41
104792,Gael Monfils       ,Hard,2012-580,01/16/2012,Austral,15,11,131,91,48,22,17,31
104918,Andy Murray        ,Hard,2012-580,01/16/2012,Austral,24,7,155,118,71,19,15,46
104925,Novak Djokovic     ,Hard,2012-580,01/16/2012,Austral,58,15,425,305,165,48,29,116
105023,Sam Querrey        ,Hard,2012-580,01/16/2012,Austral,12,4,47,42,17,5,5,13
105053,Santiago Giraldo   ,Hard,2012-580,01/16/2012,Austral,0,1,38,29,17,3,2,12
105238,Alexandr Dolgopolov,Hard,2012-580,01/16/2012,Austral,31,5,144,110,48,21,11,43
105453,Kei Nishikori      ,Hard,2012-580,01/16/2012,Austral,15,12,315,215,74,34,17,74
105683,Milos Raonic       ,Hard,2012-580,01/16/2012,Austral,30,10,110,90,45,16,14,33
105777,Grigor Dimitrov    ,Hard,2012-580,01/16/2012,Austral,11,6,91,68,33,22,19,24
103819,Roger Federer      ,Clay,2012-520,05/27/2012,Roland ,52,11,359,271,147,34,24,98
103898,Julien Benneteau   ,Clay,2012-520,05/27/2012,Roland ,13,11,159,116,30,18,13,35
103970,David Ferrer       ,Clay,2012-520,05/27/2012,Roland ,7,16,292,217,77,33,25,68
104022,Mikhail Youzhny    ,Clay,2012-520,05/27/2012,Roland ,12,9,100,77,41,10,7,28
104180,Gilles Muller      ,Clay,2012-520,05/27/2012,Roland ,46,16,186,140,84,38,28,54
104259,Philipp Kohlschreib,Clay,2012-520,05/27/2012,Roland ,11,1,62,46,23,1,0,16
104269,Fernando Verdasco  ,Clay,2012-520,05/27/2012,Roland ,13,10,148,108,30,14,10,34
104312,Andreas Seppi      ,Clay,2012-520,05/27/2012,Roland ,33,7,230,171,79,18,8,62
104468,Gilles Simon       ,Clay,2012-520,05/27/2012,Roland ,20,12,146,105,54,16,8,39
104527,Stanislas Wawrinka ,Clay,2012-520,05/27/2012,Roland ,20,10,261,197,91,24,12,70
104542,Jo Wilfried Tsonga ,Clay,2012-520,05/27/2012,Roland ,25,7,286,202,88,38,22,74
104545,John Isner         ,Clay,2012-520,05/27/2012,Roland ,18,2,52,48,13,2,2,15
104586,Lukas Rosol        ,Clay,2012-520,05/17/2012,Roland ,18,6,74,54,36,17,12,21
104607,Tomas Berdych      ,Clay,2012-520,05/27/2012,Roland ,24,7,191,146,77,14,11,51
104665,Pablo Andujar      ,Clay,2012-520,05/27/2012,Roland ,2,8,65,44,28,12,7,19
104731,Kevin Anderson     ,Clay,2012-520,05/27/2012,Roland ,47,8,201,153,52,21,16,48
104745,Rafael Nadal       ,Clay,2012-520,05/27/2012,Roland ,19,11,352,268,123,29,21,91
104755,Richard Gasquet    ,Clay,2012-520,05/27/2012,Roland ,28,14,202,155,72,21,16,53
104797,Denis Istomin      ,Clay,2012-520,05/17/2012,Roland ,13,0,42,32,14,2,1,12
104871,Jeremy Chardy      ,Clay,2012-520,05/27/2012,Roland ,17,11,84,61,50,9,5,28
104918,Andy Murray        ,Clay,2012-520,05/27/2012,Roland ,20,10,236,181,62,26,18,60
104919,Leonardo Mayer     ,Clay,2012-520,05/27/2012,Roland ,34,6,150,125,42,19,16,37
104925,Novak Djokovic     ,Clay,2012-520,05/27/2012,Roland ,32,7,427,311,122,36,20,107
104926,Fabio Fognini      ,Clay,2012-520,05/27/2012,Roland ,4,1,157,107,44,19,13,38
105053,Santiago Giraldo   ,Clay,2012-520,05/27/2012,Roland ,3,0,173,117,34,32,26,34
105227,Marin Cilic        ,Clay,2012-520,05/27/2012,Roland ,17,7,98,72,47,13,8,30
105373,Martin Klizan      ,Clay,2012-520,05/17/2012,Roland ,2,1,6,6,2,0,0,2
105676,David Goffin       ,Clay,2012-520,05/27/2012,Roland ,24,14,174,132,82,35,19,58
105683,Milos Raonic       ,Clay,2012-520,05/27/2012,Roland ,28,12,82,71,44,6,5,28
105777,Grigor Dimitrov    ,Clay,2012-520,05/17/2012,Roland ,13,5,54,44,18,6,5,13
103333,Ivo Karlovic       ,Gras,2012-540,06/25/2012,Wimbled,26,3,62,56,14,5,4,16
103794,Benjamin Becker    ,Gras,2012-540,06/20/2012,Wimbled,27,3,87,65,21,9,6,20
103819,Roger Federer      ,Gras,2012-540,06/25/2012,Wimbled,71,11,460,259,134,31,22,119
103898,Julien Benneteau   ,Gras,2012-540,06/25/2012,Wimbled,28,7,156,120,38,13,9,37
103970,David Ferrer       ,Gras,2012-540,06/25/2012,Wimbled,22,4,248,194,88,16,13,63
104022,Mikhail Youzhny    ,Gras,2012-540,06/25/2012,Wimbled,27,9,295,223,88,27,17,78
104198,Guillermo Garcia Lo,Gras,2012-540,06/15/2012,Wimbled,18,6,112,90,43,15,10,32
104259,Philipp Kohlschreib,Gras,2012-540,06/25/2012,Wimbled,88,11,271,226,95,12,10,69
104269,Fernando Verdasco  ,Gras,2012-540,06/25/2012,Wimbled,34,11,154,119,50,14,9,38
104468,Gilles Simon       ,Gras,2012-540,06/15/2012,Wimbled,7,4,39,31,10,6,5,9
104542,Jo Wilfried Tsonga ,Gras,2012-540,06/25/2012,Wimbled,75,10,357,283,121,29,25,90
104586,Lukas Rosol        ,Gras,2012-540,06/25/2012,Wimbled,34,7,180,149,49,10,6,46
104745,Rafael Nadal       ,Gras,2012-540,06/15/2012,Wimbled,6,1,57,43,19,4,1,15
104755,Richard Gasquet    ,Gras,2012-540,06/25/2012,Wimbled,20,7,143,117,57,8,6,42
104797,Denis Istomin      ,Gras,2012-540,06/25/2012,Wimbled,49,8,294,228,70,30,23,67
104871,Jeremy Chardy      ,Gras,2012-540,06/15/2012,Wimbled,5,0,26,20,10,1,1,7
104918,Andy Murray        ,Gras,2012-540,06/25/2012,Wimbled,74,17,411,317,158,37,28,112
104925,Novak Djokovic     ,Gras,2012-540,06/25/2012,Wimbled,44,10,290,230,76,31,27,72
104926,Fabio Fognini      ,Gras,2012-540,06/15/2012,Wimbled,7,1,92,60,29,10,7,20
105023,Sam Querrey        ,Gras,2012-540,06/25/2012,Wimbled,40,7,167,140,67,11,9,45
105208,Ernests Gulbis     ,Gras,2012-540,06/15/2012,Wimbled,30,2,79,66,19,1,0,18
105227,Marin Cilic        ,Gras,2012-540,06/25/2012,Wimbled,35,10,274,203,96,25,17,71
105238,Alexandr Dolgopolov,Gras,2012-540,06/15/2012,Wimbled,23,4,67,54,19,10,10,16
105373,Martin Klizan      ,Gras,2012-540,06/15/2012,Wimbled,13,7,98,73,47,18,12,29
105453,Kei Nishikori      ,Gras,2012-540,06/25/2012,Wimbled,7,9,97,73,39,13,7,30
105668,Jerzy Janowicz     ,Gras,2012-540,06/25/2012,Wimbled,33,7,162,139,42,9,5,45
105676,David Goffin       ,Gras,2012-540,06/25/2012,Wimbled,25,9,156,111,47,21,16,37
105683,Milos Raonic       ,Gras,2012-540,06/15/2012,Wimbled,20,3,53,50,16,2,2,15
105777,Grigor Dimitrov    ,Gras,2012-540,06/25/2012,Wimbled,24,0,105,84,32,11,11,23
103819,Roger Federer      ,Hard,2012-560,08/27/2012,US Open,29,4,162,135,44,4,3,42
103852,Feliciano Lopez    ,Hard,2012-560,08/27/2012,US Open,36,12,143,112,63,15,11,39
103898,Julien Benneteau   ,Hard,2012-560,08/27/2012,US Open,39,13,154,121,47,24,20,36
103970,David Ferrer       ,Hard,2012-560,08/27/2012,US Open,36,29,331,250,156,29,20,92
103990,Tommy Robredo      ,Hard,2012-560,08/17/2012,US Open,10,4,54,45,17,3,3,14
104180,Gilles Muller      ,Hard,2012-560,08/27/2012,US Open,25,11,92,79,36,16,11,26
104198,Guillermo Garcia Lo,Hard,2012-560,08/17/2012,US Open,8,8,101,68,42,28,20,25
104259,Philipp Kohlschreib,Hard,2012-560,08/27/2012,US Open,21,6,286,204,98,35,26,69
104269,Fernando Verdasco  ,Hard,2012-560,08/27/2012,US Open,15,11,135,100,51,9,4,36
104468,Gilles Simon       ,Hard,2012-560,08/27/2012,US Open,4,5,210,129,49,28,15,45
104527,Stanislas Wawrinka ,Hard,2012-560,08/27/2012,US Open,53,11,168,141,118,16,12,60
104542,Jo Wilfried Tsonga ,Hard,2012-560,08/27/2012,US Open,15,1,59,48,18,7,6,14
104545,John Isner         ,Hard,2012-560,08/27/2012,US Open,43,9,174,141,48,9,6,44
104607,Tomas Berdych      ,Hard,2012-560,08/27/2012,US Open,71,9,289,236,113,38,30,81
104665,Pablo Andujar      ,Hard,2012-560,08/27/2012,US Open,2,10,80,64,32,7,4,22
104755,Richard Gasquet    ,Hard,2012-560,08/27/2012,US Open,36,11,149,126,68,13,11,45
104871,Jeremy Chardy      ,Hard,2012-560,08/27/2012,US Open,27,6,89,74,43,8,8,27
104918,Andy Murray        ,Hard,2012-560,08/27/2012,US Open,62,25,484,353,152,61,37,123
104919,Leonardo Mayer     ,Hard,2012-560,08/27/2012,US Open,17,9,119,95,54,17,14,36
104925,Novak Djokovic     ,Hard,2012-560,08/27/2012,US Open,44,7,278,217,96,17,10,78
104926,Fabio Fognini      ,Hard,2012-560,08/27/2012,US Open,17,13,149,110,52,16,7,41
105023,Sam Querrey        ,Hard,2012-560,08/27/2012,US Open,40,11,115,95,53,3,1,36
105208,Ernests Gulbis     ,Hard,2012-560,08/17/2012,US Open,24,7,96,73,28,17,13,25
105227,Marin Cilic        ,Hard,2012-560,08/27/2012,US Open,44,18,253,200,139,27,18,85
105238,Alexandr Dolgopolov,Hard,2012-560,08/30/2012,US Open,28,13,119,95,55,15,8,40
105373,Martin Klizan      ,Hard,2012-560,08/27/2012,US Open,20,17,153,110,67,27,20,43
105449,Steve Johnson      ,Hard,2012-560,08/27/2012,US Open,28,4,163,126,54,21,20,38
105453,Kei Nishikori      ,Hard,2012-560,08/27/2012,US Open,6,4,88,69,36,1,0,26
105683,Milos Raonic       ,Hard,2012-560,08/27/2012,US Open,89,24,192,170,70,16,12,55
106058,Jack Sock          ,Hard,2012-560,08/27/2012,US Open,24,10,93,71,44,16,15,24
103794,Benjamin Becker    ,Hard,2013-580,01/05/2013,Austral,16,7,63,48,34,11,6,21
103819,Roger Federer      ,Hard,2013-580,01/14/2013,Austral,43,10,322,265,99,13,8,83
103852,Feliciano Lopez    ,Hard,2013-580,01/05/2013,Austral,26,3,48,43,16,2,2,14
103898,Julien Benneteau   ,Hard,2013-580,01/15/2013,Austral,15,7,142,105,44,18,10,37
103970,David Ferrer       ,Hard,2013-580,01/14/2013,Austral,32,7,336,242,94,45,29,86
104022,Mikhail Youzhny    ,Hard,2013-580,01/14/2013,Austral,5,4,127,86,37,18,14,26
104229,Yen Hsun Lu        ,Hard,2013-580,01/14/2013,Austral,10,1,53,41,24,3,2,16
104259,Philipp Kohlschreib,Hard,2013-580,01/15/2013,Austral,22,2,103,94,35,6,6,29
104269,Fernando Verdasco  ,Hard,2013-580,01/15/2013,Austral,7,12,136,96,44,19,12,36
104312,Andreas Seppi      ,Hard,2013-580,01/14/2013,Austral,30,12,244,185,95,29,21,65
104468,Gilles Simon       ,Hard,2013-580,01/14/2013,Austral,20,17,248,161,88,40,25,62
104527,Stanislas Wawrinka ,Hard,2013-580,01/14/2013,Austral,27,11,152,119,67,13,10,42
104542,Jo Wilfried Tsonga ,Hard,2013-580,01/14/2013,Austral,47,7,225,181,79,18,15,61
104586,Lukas Rosol        ,Hard,2013-580,01/14/2013,Austral,9,2,57,43,24,3,1,16
104607,Tomas Berdych      ,Hard,2013-580,01/14/2013,Austral,33,7,200,157,90,20,15,56
104731,Kevin Anderson     ,Hard,2013-580,01/14/2013,Austral,37,8,279,211,47,18,11,61
104755,Richard Gasquet    ,Hard,2013-580,01/14/2013,Austral,37,2,143,122,60,8,4,46
104792,Gael Monfils       ,Hard,2013-580,01/15/2013,Austral,56,38,177,141,51,17,8,46
104797,Denis Istomin      ,Hard,2013-580,01/14/2013,Austral,3,1,64,47,26,4,2,19
104871,Jeremy Chardy      ,Hard,2013-580,01/24/2013,Austral,58,31,320,259,92,30,24,80
104918,Andy Murray        ,Hard,2013-580,01/14/2013,Austral,70,1,312,237,92,25,16,79
104925,Novak Djokovic     ,Hard,2013-580,01/14/2013,Austral,54,13,455,358,158,31,23,124
105023,Sam Querrey        ,Hard,2013-580,01/14/2013,Austral,32,3,110,85,31,4,3,28
105138,Roberto Bautista Ag,Hard,2013-580,01/05/2013,Austral,1,7,77,49,26,9,4,20
105227,Marin Cilic        ,Hard,2013-580,01/14/2013,Austral,18,5,99,82,52,11,11,30
105453,Kei Nishikori      ,Hard,2013-580,01/14/2013,Austral,19,9,218,160,55,16,10,49
105668,Jerzy Janowicz     ,Hard,2013-580,01/14/2013,Austral,26,16,164,122,46,23,17,38
105683,Milos Raonic       ,Hard,2013-580,01/14/2013,Austral,71,12,175,146,65,8,6,48
103819,Roger Federer      ,Clay,2013-520,05/27/2013,Roland ,29,2,206,161,77,15,10,60
103852,Feliciano Lopez    ,Clay,2013-520,05/27/2013,Roland ,29,3,167,119,62,18,11,44
103898,Julien Benneteau   ,Clay,2013-520,05/27/2013,Roland ,19,10,241,170,42,29,18,49
103970,David Ferrer       ,Clay,2013-520,05/27/2013,Roland ,12,17,267,193,119,24,12,79
103990,Tommy Robredo      ,Clay,2013-520,05/27/2013,Roland ,30,11,348,251,101,31,18,85
104022,Mikhail Youzhny    ,Clay,2013-520,05/27/2013,Roland ,19,12,246,180,65,26,20,55
104229,Yen Hsun Lu        ,Clay,2013-520,05/17/2013,Roland ,4,0,41,32,9,1,0,11
104259,Philipp Kohlschreib,Clay,2013-520,05/27/2013,Roland ,13,3,129,104,41,19,15,33
104269,Fernando Verdasco  ,Clay,2013-520,05/27/2013,Roland ,4,5,45,37,11,3,2,12
104312,Andreas Seppi      ,Clay,2013-520,05/17/2013,Roland ,14,2,93,67,41,9,6,25
104468,Gilles Simon       ,Clay,2013-520,05/27/2013,Roland ,14,5,209,135,83,29,11,61
104527,Stanislas Wawrinka ,Clay,2013-520,05/27/2013,Roland ,50,17,341,261,114,28,24,87
104542,Jo Wilfried Tsonga ,Clay,2013-520,05/27/2013,Roland ,22,3,259,207,84,13,9,71
104545,John Isner         ,Clay,2013-520,05/27/2013,Roland ,29,3,158,126,53,12,10,42
104586,Lukas Rosol        ,Clay,2013-520,05/17/2013,Roland ,7,4,58,41,23,5,4,15
104655,Pablo Cuevas       ,Clay,2013-520,05/27/2013,Roland ,5,6,85,67,27,12,7,25
104731,Kevin Anderson     ,Clay,2013-520,05/27/2013,Roland ,35,9,215,173,60,11,9,53
104745,Rafael Nadal       ,Clay,2013-520,05/27/2013,Roland ,29,12,522,376,109,52,35,120
104755,Richard Gasquet    ,Clay,2013-520,05/27/2013,Roland ,17,7,144,108,49,10,5,40
104792,Gael Monfils       ,Clay,2013-520,05/27/2013,Roland ,34,7,229,169,59,17,12,50
104797,Denis Istomin      ,Clay,2013-520,05/27/2013,Roland ,7,3,61,44,13,7,3,16
104871,Jeremy Chardy      ,Clay,2013-520,05/27/2013,Roland ,21,10,118,94,34,5,4,30
104925,Novak Djokovic     ,Clay,2013-520,05/27/2013,Roland ,21,4,322,242,88,23,17,76
104926,Fabio Fognini      ,Clay,2013-520,05/27/2013,Roland ,17,9,159,110,44,19,16,33
105023,Sam Querrey        ,Clay,2013-520,05/27/2013,Roland ,18,7,104,84,33,9,4,31
105138,Roberto Bautista Ag,Clay,2013-520,05/27/2013,Roland ,6,0,65,51,6,3,2,14
105208,Ernests Gulbis     ,Clay,2013-520,05/27/2013,Roland ,7,2,47,36,23,6,3,15
105227,Marin Cilic        ,Clay,2013-520,05/27/2013,Roland ,13,4,65,58,43,5,4,25
105373,Martin Klizan      ,Clay,2013-520,05/17/2013,Roland ,8,4,45,31,23,12,9,12
105453,Kei Nishikori      ,Clay,2013-520,05/27/2013,Roland ,7,14,181,125,61,22,11,49
105668,Jerzy Janowicz     ,Clay,2013-520,05/27/2013,Roland ,22,10,136,97,54,16,12,36
105683,Milos Raonic       ,Clay,2013-520,05/27/2013,Roland ,40,7,148,117,39,12,8,38
105777,Grigor Dimitrov    ,Clay,2013-520,05/27/2013,Roland ,7,4,75,57,39,11,9,20
106058,Jack Sock          ,Clay,2013-520,05/17/2013,Roland ,4,2,45,32,23,7,5,14
106401,Nick Kyrgios       ,Clay,2013-520,05/17/2013,Roland ,10,7,78,64,35,6,5,18
103819,Roger Federer      ,Gras,2013-540,06/14/2013,Wimbled,7,0,39,35,14,0,0,12
103852,Feliciano Lopez    ,Gras,2013-540,06/24/2013,Wimbled,34,3,81,74,26,0,0,22
103898,Julien Benneteau   ,Gras,2013-540,06/14/2013,Wimbled,12,6,86,65,26,7,5,20
103970,David Ferrer       ,Gras,2013-540,06/24/2013,Wimbled,26,21,336,259,88,25,14,83
103990,Tommy Robredo      ,Gras,2013-540,06/24/2013,Wimbled,15,3,113,92,40,2,2,29
104022,Mikhail Youzhny    ,Gras,2013-540,06/24/2013,Wimbled,21,7,226,179,71,13,10,58
104229,Yen Hsun Lu        ,Gras,2013-540,06/14/2013,Wimbled,12,3,113,85,31,13,12,23
104269,Fernando Verdasco  ,Gras,2013-540,06/24/2013,Wimbled,51,18,227,190,82,7,4,65
104312,Andreas Seppi      ,Gras,2013-540,06/24/2013,Wimbled,22,6,200,149,70,18,12,51
104542,Jo Wilfried Tsonga ,Gras,2013-540,06/14/2013,Wimbled,18,2,63,54,15,1,1,15
104545,John Isner         ,Gras,2013-540,06/14/2013,Wimbled,22,1,71,55,19,0,0,16
104607,Tomas Berdych      ,Gras,2013-540,06/24/2013,Wimbled,56,12,245,209,100,25,20,72
104731,Kevin Anderson     ,Gras,2013-540,06/24/2013,Wimbled,43,4,102,88,32,1,0,29
104755,Richard Gasquet    ,Gras,2013-540,06/24/2013,Wimbled,19,6,145,112,45,11,5,41
104871,Jeremy Chardy      ,Gras,2013-540,06/24/2013,Wimbled,33,15,163,133,53,8,5,43
104918,Andy Murray        ,Gras,2013-540,06/24/2013,Wimbled,89,13,460,362,135,43,31,119
104919,Leonardo Mayer     ,Gras,2013-540,06/14/2013,Wimbled,13,4,58,47,20,6,6,14
104925,Novak Djokovic     ,Gras,2013-540,06/24/2013,Wimbled,76,7,376,308,119,19,13,101
105053,Santiago Giraldo   ,Gras,2013-540,06/14/2013,Wimbled,13,0,105,76,30,9,7,24
105138,Roberto Bautista Ag,Gras,2013-540,06/14/2013,Wimbled,6,1,88,63,16,8,6,16
105173,Adrian Mannarino   ,Gras,2013-540,06/24/2013,Wimbled,23,3,97,79,37,5,5,28
105208,Ernests Gulbis     ,Gras,2013-540,06/24/2013,Wimbled,32,14,129,99,37,21,17,31
105227,Marin Cilic        ,Gras,2013-540,06/14/2013,Wimbled,16,2,56,45,16,1,0,15
105238,Alexandr Dolgopolov,Gras,2013-540,06/24/2013,Wimbled,20,4,95,81,36,3,1,30
105453,Kei Nishikori      ,Gras,2013-540,06/24/2013,Wimbled,3,7,125,88,38,7,4,28
105668,Jerzy Janowicz     ,Gras,2013-540,06/24/2013,Wimbled,94,26,295,249,88,23,19,78
105683,Milos Raonic       ,Gras,2013-540,06/14/2013,Wimbled,19,5,51,45,13,1,1,14
105777,Grigor Dimitrov    ,Gras,2013-540,06/24/2013,Wimbled,15,2,46,43,10,0,0,13
103333,Ivo Karlovic       ,Hard,2013-560,08/26/2013,US Open,38,8,107,90,29,11,7,28
103794,Benjamin Becker    ,Hard,2013-560,08/26/2013,US Open,8,5,55,38,27,12,7,19
103819,Roger Federer      ,Hard,2013-560,08/26/2013,US Open,26,8,124,105,57,7,5,39
103852,Feliciano Lopez    ,Hard,2013-560,08/26/2013,US Open,44,13,146,114,67,12,9,41
103898,Julien Benneteau   ,Hard,2013-560,08/26/2013,US Open,16,8,117,88,43,15,8,35
103970,David Ferrer       ,Hard,2013-560,08/26/2013,US Open,40,11,269,202,94,33,18,76
103990,Tommy Robredo      ,Hard,2013-560,08/26/2013,US Open,36,14,276,205,86,46,35,67
104022,Mikhail Youzhny    ,Hard,2013-560,08/26/2013,US Open,34,18,246,181,93,32,18,73
104229,Yen Hsun Lu        ,Hard,2013-560,08/26/2013,US Open,4,4,61,49,19,2,1,16
104259,Philipp Kohlschreib,Hard,2013-560,08/26/2013,US Open,29,7,187,148,62,9,5,51
104312,Andreas Seppi      ,Hard,2013-560,08/26/2013,US Open,17,11,142,110,51,27,18,38
104527,Stanislas Wawrinka ,Hard,2013-560,08/26/2013,US Open,45,22,291,232,134,24,15,85
104545,John Isner         ,Hard,2013-560,08/26/2013,US Open,39,5,138,11,34,9,8,33
104607,Tomas Berdych      ,Hard,2013-560,08/26/2013,US Open,32,7,149,120,56,21,15,41
104665,Pablo Andujar      ,Hard,2013-560,08/26/2013,US Open,5,3,56,44,19,7,5,15
104731,Kevin Anderson     ,Hard,2013-560,08/26/2013,US Open,20,6,64,50,35,6,5,20
104745,Rafael Nadal       ,Hard,2013-560,08/26/2013,US Open,17,9,390,299,123,23,19,99
104755,Richard Gasquet    ,Hard,2013-560,08/26/2013,US Open,41,30,389,276,134,56,40,98
104792,Gael Monfils       ,Hard,2013-560,08/16/2013,US Open,5,1,41,33,4,1,0,10
104797,Denis Istomin      ,Hard,2013-560,08/26/2013,US Open,43,11,194,140,66,29,20,53
104871,Jeremy Chardy      ,Hard,2013-560,08/26/2013,US Open,8,7,93,64,40,14,11,24
104918,Andy Murray        ,Hard,2013-560,08/26/2013,US Open,20,10,223,172,98,17,13,65
104919,Leonardo Mayer     ,Hard,2013-560,08/16/2013,US Open,8,8,86,60,37,13,10,22
104925,Novak Djokovic     ,Hard,2013-560,08/26/2013,US Open,42,12,347,258,95,31,21,88
105023,Sam Querrey        ,Hard,2013-560,08/16/2013,US Open,25,4,68,60,26,7,6,19
105138,Roberto Bautista Ag,Hard,2013-560,08/26/2013,US Open,1,1,62,44,12,4,3,13
105173,Adrian Mannarino   ,Hard,2013-560,08/26/2013,US Open,23,10,145,115,71,14,12,40
105238,Alexandr Dolgopolov,Hard,2013-560,08/26/2013,US Open,6,4,43,34,27,8,6,14
105683,Milos Raonic       ,Hard,2013-560,08/26/2013,US Open,67,12,189,161,50,16,14,49
106058,Jack Sock          ,Hard,2013-560,08/26/2013,US Open,13,17,121,89,55,16,11,35
103819,Roger Federer      ,Hard,2014-580,01/13/2014,Austral,45,7,274,226,98,11,9,77
103852,Feliciano Lopez    ,Hard,2014-580,01/15/2014,Austral,20,5,122,95,41,11,7,32
103898,Julien Benneteau   ,Hard,2014-580,01/13/2014,Austral,16,4,87,62,24,5,1,22
103970,David Ferrer       ,Hard,2014-580,01/13/2014,Austral,7,11,264,184,79,31,17,67
103990,Tommy Robredo      ,Hard,2014-580,01/13/2014,Austral,46,5,253,193,102,27,20,68
104022,Mikhail Youzhny    ,Hard,2014-580,01/05/2014,Austral,5,2,59,39,17,5,3,13
104198,Guillermo Garcia Lo,Hard,2014-580,01/13/2014,Austral,7,3,35,27,11,2,1,9
104229,Yen Hsun Lu        ,Hard,2014-580,01/13/2014,Austral,9,5,47,33,11,7,4,12
104269,Fernando Verdasco  ,Hard,2014-580,01/13/2014,Austral,20,6,70,59,24,5,4,19
104312,Andreas Seppi      ,Hard,2014-580,01/13/2014,Austral,17,5,103,72,40,13,6,29
104468,Gilles Simon       ,Hard,2014-580,01/15/2014,Austral,39,25,232,179,98,40,31,60
104527,Stanislas Wawrinka ,Hard,2014-580,01/13/2014,Austral,81,19,391,320,151,27,17,110
104542,Jo Wilfried Tsonga ,Hard,2014-580,01/13/2014,Austral,45,7,170,136,62,9,7,46
104607,Tomas Berdych      ,Hard,2014-580,01/13/2014,Austral,43,12,234,198,101,16,13,71
104665,Pablo Andujar      ,Hard,2014-580,01/05/2014,Austral,2,1,66,40,15,7,4,14
104731,Kevin Anderson     ,Hard,2014-580,01/13/2014,Austral,63,20,244,196,72,15,10,66
104745,Rafael Nadal       ,Hard,2014-580,01/13/2014,Austral,32,11,359,272,94,27,19,83
104755,Richard Gasquet    ,Hard,2014-580,01/13/2014,Austral,21,5,115,83,35,12,5,31
104792,Gael Monfils       ,Hard,2014-580,01/13/2014,Austral,23,8,107,91,40,1,0,31
104797,Denis Istomin      ,Hard,2014-580,01/13/2014,Austral,23,2,146,104,51,19,15,36
104871,Jeremy Chardy      ,Hard,2014-580,01/13/2014,Austral,31,13,153,120,46,17,13,38
104918,Andy Murray        ,Hard,2014-580,01/13/2014,Austral,18,10,179,143,59,11,6,47
104919,Leonardo Mayer     ,Hard,2014-580,01/05/2014,Austral,13,1,33,31,13,0,0,11
104925,Novak Djokovic     ,Hard,2014-580,01/13/2014,Austral,35,5,189,156,67,4,2,55
104926,Fabio Fognini      ,Hard,2014-580,01/13/2014,Austral,21,19,169,125,67,26,21,43
105023,Sam Querrey        ,Hard,2014-580,01/13/2014,Austral,43,8,125,105,33,10,7,33
105138,Roberto Bautista Ag,Hard,2014-580,01/13/2014,Austral,17,8,231,172,36,26,19,51
105173,Adrian Mannarino   ,Hard,2014-580,01/13/2014,Austral,3,3,81,52,37,6,2,23
105208,Ernests Gulbis     ,Hard,2014-580,01/13/2014,Austral,17,11,76,59,32,12,9,19
105227,Marin Cilic        ,Hard,2014-580,01/13/2014,Austral,22,4,70,58,29,3,1,23
105238,Alexandr Dolgopolov,Hard,2014-580,01/13/2014,Austral,8,4,53,42,23,3,2,16
105373,Martin Klizan      ,Hard,2014-580,01/15/2014,Austral,25,7,99,76,55,7,4,32
105453,Kei Nishikori      ,Hard,2014-580,01/13/2014,Austral,14,9,189,141,62,18,13,48
105668,Jerzy Janowicz     ,Hard,2014-580,01/15/2014,Austral,32,16,211,150,52,21,15,43
105683,Milos Raonic       ,Hard,2014-580,01/13/2014,Austral,48,10,132,113,40,11,8,34
105777,Grigor Dimitrov    ,Hard,2014-580,01/13/2014,Austral,55,19,254,218,100,12,8,73
106058,Jack Sock          ,Hard,2014-580,01/13/2014,Austral,16,12,74,54,43,12,10,21
106233,Dominic Thiem      ,Hard,2014-580,01/05/2014,Austral,20,3,76,60,31,8,5,21
106401,Nick Kyrgios       ,Hard,2014-580,01/05/2014,Austral,34,13,69,63,22,7,4,21
103333,Ivo Karlovic       ,Clay,2014-520,05/26/2014,Roland ,46,3,122,108,33,1,1,33
103819,Roger Federer      ,Clay,2014-520,05/26/2014,Roland ,31,4,176,146,57,4,3,49
103852,Feliciano Lopez    ,Clay,2014-520,05/16/2014,Roland ,8,1,71,52,26,7,6,16
103970,David Ferrer       ,Clay,2014-520,05/26/2014,Roland ,9,13,260,191,76,19,14,60
103990,Tommy Robredo      ,Clay,2014-520,05/26/2014,Roland ,5,3,121,91,39,11,8,32
104022,Mikhail Youzhny    ,Clay,2014-520,05/26/2014,Roland ,8,5,91,59,23,15,8,21
104198,Guillermo Garcia Lo,Clay,2014-520,05/26/2014,Roland ,16,14,268,192,102,44,30,72
104259,Philipp Kohlschreib,Clay,2014-520,05/26/2014,Roland ,9,3,106,81,34,7,4,28
104269,Fernando Verdasco  ,Clay,2014-520,05/26/2014,Roland ,20,7,240,174,57,25,17,55
104312,Andreas Seppi      ,Clay,2014-520,05/26/2014,Roland ,13,5,90,67,49,9,5,29
104468,Gilles Simon       ,Clay,2014-520,05/26/2014,Roland ,7,4,77,62,34,5,4,23
104542,Jo Wilfried Tsonga ,Clay,2014-520,05/26/2014,Roland ,26,5,162,131,49,9,4,45
104545,John Isner         ,Clay,2014-520,05/26/2014,Roland ,75,9,309,246,85,26,25,65
104607,Tomas Berdych      ,Clay,2014-520,05/26/2014,Roland ,43,10,241,196,97,17,11,70
104655,Pablo Cuevas       ,Clay,2014-520,05/16/2014,Roland ,5,1,44,37,9,1,0,12
104731,Kevin Anderson     ,Clay,2014-520,05/26/2014,Roland ,25,6,124,101,33,6,3,34
104745,Rafael Nadal       ,Clay,2014-520,05/26/2014,Roland ,7,9,373,279,109,40,29,95
104755,Richard Gasquet    ,Clay,2014-520,05/26/2014,Roland ,8,6,123,96,37,12,9,30
104792,Gael Monfils       ,Clay,2014-520,05/26/2014,Roland ,27,25,295,189,80,56,37,68
104797,Denis Istomin      ,Clay,2014-520,05/16/2014,Roland ,9,2,71,55,19,5,3,18
104871,Jeremy Chardy      ,Clay,2014-520,05/26/2014,Roland ,10,3,49,39,16,3,2,14
104918,Andy Murray        ,Clay,2014-520,05/26/2014,Roland ,29,17,345,239,152,47,27,96
104919,Leonardo Mayer     ,Clay,2014-520,05/26/2014,Roland ,21,16,138,109,51,15,10,40
104925,Novak Djokovic     ,Clay,2014-520,05/26/2014,Roland ,30,10,375,272,113,36,24,93
104926,Fabio Fognini      ,Clay,2014-520,05/26/2014,Roland ,11,6,112,86,35,7,4,29
105023,Sam Querrey        ,Clay,2014-520,05/16/2014,Roland ,24,3,71,59,17,10,10,15
105138,Roberto Bautista Ag,Clay,2014-520,05/26/2014,Roland ,4,1,145,97,30,11,7,30
105173,Adrian Mannarino   ,Clay,2014-520,05/16/2014,Roland ,6,1,38,29,18,0,0,11
105208,Ernests Gulbis     ,Clay,2014-520,05/26/2014,Roland ,62,19,283,225,130,20,11,88
105227,Marin Cilic        ,Clay,2014-520,05/26/2014,Roland ,35,4,118,95,40,13,11,31
105238,Alexandr Dolgopolov,Clay,2014-520,05/26/2014,Roland ,10,2,57,48,20,7,6,15
105373,Martin Klizan      ,Clay,2014-520,05/26/2014,Roland ,8,6,136,90,57,19,12,35
105449,Steve Johnson      ,Clay,2014-520,05/16/2014,Roland ,5,3,88,56,58,16,11,26
105668,Jerzy Janowicz     ,Clay,2014-520,05/26/2014,Roland ,21,22,131,106,40,17,10,37
105683,Milos Raonic       ,Clay,2014-520,05/26/2014,Roland ,72,19,268,216,80,32,23,68
106058,Jack Sock          ,Clay,2014-520,05/26/2014,Roland ,9,0,50,39,28,4,3,17
106233,Dominic Thiem      ,Clay,2014-520,05/16/2014,Roland ,4,5,42,33,28,5,3,15
103794,Benjamin Becker    ,Gras,2014-540,06/13/2014,Wimbled,13,4,66,52,13,5,5,14
103819,Roger Federer      ,Gras,2014-540,06/23/2014,Wimbled,69,5,322,267,111,13,12,89
103852,Feliciano Lopez    ,Gras,2014-540,06/23/2014,Wimbled,65,9,210,181,93,11,10,59
103970,David Ferrer       ,Gras,2014-540,06/13/2014,Wimbled,10,3,88,62,13,11,9,16
103990,Tommy Robredo      ,Gras,2014-540,06/23/2014,Wimbled,35,6,242,191,53,14,5,59
104022,Mikhail Youzhny    ,Gras,2014-540,06/13/2014,Wimbled,2,1,46,34,18,3,3,12
104180,Gilles Muller      ,Gras,2014-540,06/23/2014,Wimbled,28,5,64,62,18,1,1,17
104229,Yen Hsun Lu        ,Gras,2014-540,06/13/2014,Wimbled,9,5,94,70,21,15,12,22
104259,Philipp Kohlschreib,Gras,2014-540,06/13/2014,Wimbled,9,0,60,45,14,2,2,14
104468,Gilles Simon       ,Gras,2014-540,06/23/2014,Wimbled,15,2,109,91,51,1,1,32
104527,Stanislas Wawrinka ,Gras,2014-540,06/23/2014,Wimbled,74,7,222,187,100,11,7,66
104542,Jo Wilfried Tsonga ,Gras,2014-540,06/23/2014,Wimbled,72,12,276,223,77,17,13,71
104545,John Isner         ,Gras,2014-540,06/23/2014,Wimbled,58,2,147,124,39,7,7,34
104586,Lukas Rosol        ,Gras,2014-540,06/13/2014,Wimbled,7,4,87,65,27,4,3,20
104607,Tomas Berdych      ,Gras,2014-540,06/23/2014,Wimbled,47,4,146,115,61,6,5,40
104731,Kevin Anderson     ,Gras,2014-540,06/23/2014,Wimbled,65,11,234,190,46,24,18,56
104745,Rafael Nadal       ,Gras,2014-540,06/23/2014,Wimbled,26,6,246,184,54,20,15,57
104755,Richard Gasquet    ,Gras,2014-540,06/13/2014,Wimbled,22,5,86,73,19,7,6,22
104792,Gael Monfils       ,Gras,2014-540,06/13/2014,Wimbled,17,2,74,55,15,5,3,17
104797,Denis Istomin      ,Gras,2014-540,06/23/2014,Wimbled,27,2,140,110,33,7,3,35
104871,Jeremy Chardy      ,Gras,2014-540,06/23/2014,Wimbled,55,15,241,194,95,24,15,68
104918,Andy Murray        ,Gras,2014-540,06/23/2014,Wimbled,37,7,201,167,49,10,7,52
104919,Leonardo Mayer     ,Gras,2014-540,06/23/2014,Wimbled,46,13,236,188,81,25,21,60
104925,Novak Djokovic     ,Gras,2014-540,06/23/2014,Wimbled,86,12,560,426,163,36,25,135
104926,Fabio Fognini      ,Gras,2014-540,06/23/2014,Wimbled,14,10,164,116,59,26,17,44
105023,Sam Querrey        ,Gras,2014-540,06/13/2014,Wimbled,25,6,81,70,26,9,8,21
105053,Santiago Giraldo   ,Gras,2014-540,06/23/2014,Wimbled,6,1,154,113,43,19,14,36
105138,Roberto Bautista Ag,Gras,2014-540,06/23/2014,Wimbled,10,3,196,142,31,19,16,41
105173,Adrian Mannarino   ,Gras,2014-540,06/13/2014,Wimbled,10,2,57,43,14,3,3,13
105208,Ernests Gulbis     ,Gras,2014-540,06/13/2014,Wimbled,22,8,70,64,19,1,0,18
105227,Marin Cilic        ,Gras,2014-540,06/23/2014,Wimbled,98,11,282,242,72,19,15,70
105238,Alexandr Dolgopolov,Gras,2014-540,06/23/2014,Wimbled,56,2,164,133,49,5,4,40
105453,Kei Nishikori      ,Gras,2014-540,06/23/2014,Wimbled,28,8,199,157,70,10,7,54
105668,Jerzy Janowicz     ,Gras,2014-540,06/23/2014,Wimbled,29,31,185,141,64,21,14,50
105683,Milos Raonic       ,Gras,2014-540,06/23/2014,Wimbled,147,6,313,275,96,9,7,86
105777,Grigor Dimitrov    ,Gras,2014-540,06/23/2014,Wimbled,49,18,315,253,98,22,19,80
106058,Jack Sock          ,Gras,2014-540,06/13/2014,Wimbled,13,2,82,64,32,1,1,21
106401,Nick Kyrgios       ,Gras,2014-540,06/23/2014,Wimbled,113,14,424,327,98,32,25,94
103333,Ivo Karlovic       ,Hard,2014-560,08/25/2014,US Open,24,4,62,55,24,4,3,19
103819,Roger Federer      ,Hard,2014-560,08/25/2014,US Open,44,12,304,239,106,35,24,84
103852,Feliciano Lopez    ,Hard,2014-560,08/25/2014,US Open,33,14,149,118,50,22,15,41
103970,David Ferrer       ,Hard,2014-560,08/25/2014,US Open,5,4,59,41,20,9,6,15
103990,Tommy Robredo      ,Hard,2014-560,08/25/2014,US Open,15,8,278,210,58,27,22,61
104198,Guillermo Garcia Lo,Hard,2014-560,08/15/2014,US Open,10,5,42,34,22,3,2,13
104259,Philipp Kohlschreib,Hard,2014-560,08/25/2014,US Open,33,13,152,124,68,14,12,42
104269,Fernando Verdasco  ,Hard,2014-560,08/25/2014,US Open,9,11,95,63,22,18,11,23
104312,Andreas Seppi      ,Hard,2014-560,08/25/2014,US Open,3,5,66,47,17,17,16,13
104468,Gilles Simon       ,Hard,2014-560,08/25/2014,US Open,25,10,170,122,94,29,22,50
104527,Stanislas Wawrinka ,Hard,2014-560,08/25/2014,US Open,43,14,194,159,82,15,8,57
104542,Jo Wilfried Tsonga ,Hard,2014-560,08/25/2014,US Open,48,11,180,144,71,27,24,50
104545,John Isner         ,Hard,2014-560,08/25/2014,US Open,55,1,120,104,37,1,1,31
104607,Tomas Berdych      ,Hard,2014-560,08/25/2014,US Open,43,12,233,180,101,30,26,64
104665,Pablo Andujar      ,Hard,2014-560,08/15/2014,US Open,3,4,43,38,11,2,1,13
104731,Kevin Anderson     ,Hard,2014-560,08/25/2014,US Open,44,8,185,139,48,19,14,44
104755,Richard Gasquet    ,Hard,2014-560,08/25/2014,US Open,23,4,120,95,40,5,2,32
104792,Gael Monfils       ,Hard,2014-560,08/25/2014,US Open,41,27,207,162,87,22,17,59
104871,Jeremy Chardy      ,Hard,2014-560,08/25/2014,US Open,10,10,83,57,33,10,5,21
104918,Andy Murray        ,Hard,2014-560,08/25/2014,US Open,29,18,259,185,105,37,24,71
104919,Leonardo Mayer     ,Hard,2014-560,08/25/2014,US Open,17,5,63,50,29,5,4,19
104925,Novak Djokovic     ,Hard,2014-560,08/25/2014,US Open,39,7,292,218,87,29,21,73
104926,Fabio Fognini      ,Hard,2014-560,08/25/2014,US Open,6,2,49,39,23,8,7,14
105023,Sam Querrey        ,Hard,2014-560,08/25/2014,US Open,46,6,130,109,52,13,10,39
105138,Roberto Bautista Ag,Hard,2014-560,08/25/2014,US Open,18,7,196,144,67,19,12,52
105173,Adrian Mannarino   ,Hard,2014-560,08/25/2014,US Open,23,12,118,85,39,14,7,32
105208,Ernests Gulbis     ,Hard,2014-560,08/25/2014,US Open,10,6,44,38,14,2,1,13
105227,Marin Cilic        ,Hard,2014-560,08/25/2014,US Open,98,32,374,309,160,37,26,111
105373,Martin Klizan      ,Hard,2014-560,08/15/2014,US Open,12,7,86,62,38,13,7,25
105453,Kei Nishikori      ,Hard,2014-560,08/25/2014,US Open,31,26,388,284,184,51,39,108
105668,Jerzy Janowicz     ,Hard,2014-560,08/25/2014,US Open,20,8,78,57,27,6,2,23
105676,David Goffin       ,Hard,2014-560,08/25/2014,US Open,18,4,92,71,27,12,8,25
105683,Milos Raonic       ,Hard,2014-560,08/25/2014,US Open,67,13,195,167,74,18,11,56
105777,Grigor Dimitrov    ,Hard,2014-560,08/25/2014,US Open,22,13,131,105,64,24,17,42
105807,Pablo Carreno Busta,Hard,2014-560,08/25/2014,US Open,14,6,145,104,42,16,8,38
106233,Dominic Thiem      ,Hard,2014-560,08/25/2014,US Open,17,14,166,124,79,18,13,50
106401,Nick Kyrgios       ,Hard,2014-560,08/25/2014,US Open,48,11,160,122,49,13,9,38
103333,Ivo Karlovic       ,Hard,2015-580,01/19/2015,Austral,19,3,50,46,11,2,2,14
103794,Benjamin Becker    ,Hard,2015-580,01/19/2015,Austral,33,4,147,108,54,15,8,42
103819,Roger Federer      ,Hard,2015-580,01/19/2015,Austral,25,3,120,98,37,5,4,32
103852,Feliciano Lopez    ,Hard,2015-580,01/19/2015,Austral,40,9,120,83,60,30,20,35
103970,David Ferrer       ,Hard,2015-580,01/19/2015,Austral,11,14,223,160,66,21,11,59
104180,Gilles Muller      ,Hard,2015-580,01/19/2015,Austral,79,12,206,178,70,18,16,53
104198,Guillermo Garcia Lo,Hard,2015-580,01/19/2015,Austral,16,14,145,109,79,16,12,44
104259,Philipp Kohlschreib,Hard,2015-580,01/19/2015,Austral,18,2,36,31,13,0,0,11
104269,Fernando Verdasco  ,Hard,2015-580,01/19/2015,Austral,28,10,144,112,34,15,11,32
104312,Andreas Seppi      ,Hard,2015-580,01/19/2015,Austral,24,8,252,195,79,27,19,63
104468,Gilles Simon       ,Hard,2015-580,01/19/2015,Austral,5,2,35,30,20,3,2,13
104527,Stanislas Wawrinka ,Hard,2015-580,01/19/2015,Austral,58,15,311,249,97,24,16,82
104545,John Isner         ,Hard,2015-580,01/19/2015,Austral,57,6,128,116,41,3,2,37
104586,Lukas Rosol        ,Hard,2015-580,01/19/2015,Austral,14,6,100,75,38,13,11,25
104607,Tomas Berdych      ,Hard,2015-580,01/19/2015,Austral,65,10,257,214,96,19,14,72
104731,Kevin Anderson     ,Hard,2015-580,01/19/2015,Austral,64,13,236,189,58,20,15,54
104745,Rafael Nadal       ,Hard,2015-580,01/19/2015,Austral,14,13,243,184,81,21,16,65
104755,Richard Gasquet    ,Hard,2015-580,01/19/2015,Austral,28,3,104,84,33,4,4,27
104792,Gael Monfils       ,Hard,2015-580,01/19/2015,Austral,22,7,100,80,24,11,9,24
104871,Jeremy Chardy      ,Hard,2015-580,01/19/2015,Austral,15,2,82,64,22,6,4,21
104918,Andy Murray        ,Hard,2015-580,01/19/2015,Austral,54,12,317,249,94,17,9,83
104919,Leonardo Mayer     ,Hard,2015-580,01/19/2015,Austral,10,4,49,43,10,1,0,13
104925,Novak Djokovic     ,Hard,2015-580,01/19/2015,Austral,61,15,441,338,147,31,20,117
105053,Santiago Giraldo   ,Hard,2015-580,01/19/2015,Austral,5,2,53,43,11,3,2,13
105138,Roberto Bautista Ag,Hard,2015-580,01/19/2015,Austral,9,6,121,80,23,22,20,20
105173,Adrian Mannarino   ,Hard,2015-580,01/19/2015,Austral,6,5,58,49,21,9,8,15
105373,Martin Klizan      ,Hard,2015-580,01/19/2015,Austral,5,1,60,45,19,7,5,15
105449,Steve Johnson      ,Hard,2015-580,01/19/2015,Austral,34,6,112,90,44,10,9,28
105453,Kei Nishikori      ,Hard,2015-580,01/19/2015,Austral,40,12,269,199,93,28,20,67
105668,Jerzy Janowicz     ,Hard,2015-580,01/19/2015,Austral,39,22,183,131,40,22,12,44
105676,David Goffin       ,Hard,2015-580,01/19/2015,Austral,11,9,59,40,33,17,13,18
105683,Milos Raonic       ,Hard,2015-580,01/19/2015,Austral,97,13,284,241,67,7,5,73
105777,Grigor Dimitrov    ,Hard,2015-580,01/19/2015,Austral,31,14,205,166,73,17,12,56
106401,Nick Kyrgios       ,Hard,2015-580,01/19/2015,Austral,97,18,369,287,115,26,20,92
103794,Benjamin Becker    ,Clay,2015-520,05/30/2015,Roland ,21,8,226,154,60,23,13,51
103819,Roger Federer      ,Clay,2015-520,05/24/2015,Roland ,17,2,221,166,79,14,9,60
103970,David Ferrer       ,Clay,2015-520,05/24/2015,Roland ,15,18,214,165,75,19,15,58
103990,Tommy Robredo      ,Clay,2015-520,05/24/2015,Roland ,4,1,88,61,15,11,7,18
104180,Gilles Muller      ,Clay,2015-520,05/14/2015,Roland ,19,4,106,84,30,12,7,27
104229,Yen Hsun Lu        ,Clay,2015-520,05/24/2015,Roland ,15,2,89,68,20,11,9,19
104259,Philipp Kohlschreib,Clay,2015-520,05/24/2015,Roland ,5,2,36,31,16,1,1,11
104269,Fernando Verdasco  ,Clay,2015-520,05/24/2015,Roland ,5,2,41,33,19,1,0,14
104468,Gilles Simon       ,Clay,2015-520,05/24/2015,Roland ,14,11,174,131,93,23,15,56
104527,Stanislas Wawrinka ,Clay,2015-520,05/24/2015,Roland ,62,27,398,314,198,51,42,117
104542,Jo Wilfried Tsonga ,Clay,2015-520,05/24/2015,Roland ,43,12,294,239,94,19,10,82
104545,John Isner         ,Clay,2015-520,05/24/2015,Roland ,21,0,65,49,11,4,2,15
104586,Lukas Rosol        ,Clay,2015-520,05/24/2015,Roland ,11,8,89,75,38,2,0,28
104607,Tomas Berdych      ,Clay,2015-520,05/24/2015,Roland ,17,8,201,154,79,17,13,54
104655,Pablo Cuevas       ,Clay,2015-520,05/24/2015,Roland ,16,3,207,142,68,27,24,44
104665,Pablo Andujar      ,Clay,2015-520,05/24/2015,Roland ,3,6,164,108,51,22,14,39
104731,Kevin Anderson     ,Clay,2015-520,05/24/2015,Roland ,30,7,131,106,39,16,13,35
104745,Rafael Nadal       ,Clay,2015-520,05/24/2015,Roland ,7,6,175,118,55,20,13,43
104755,Richard Gasquet    ,Clay,2015-520,05/24/2015,Roland ,11,7,204,155,75,21,16,56
104792,Gael Monfils       ,Clay,2015-520,05/24/2015,Roland ,49,23,272,201,73,35,22,69
104871,Jeremy Chardy      ,Clay,2015-520,05/24/2015,Roland ,24,7,190,148,61,10,5,53
104918,Andy Murray        ,Clay,2015-520,05/24/2015,Roland ,34,13,283,222,95,34,20,81
104919,Leonardo Mayer     ,Clay,2015-520,05/24/2015,Roland ,24,9,176,136,45,16,9,46
104925,Novak Djokovic     ,Clay,2015-520,05/24/2015,Roland ,28,4,382,285,100,28,20,94
104926,Fabio Fognini      ,Clay,2015-520,05/24/2015,Roland ,9,3,51,37,19,6,5,13
105053,Santiago Giraldo   ,Clay,2015-520,05/14/2015,Roland ,6,1,61,38,15,7,2,15
105138,Roberto Bautista Ag,Clay,2015-520,05/24/2015,Roland ,4,0,51,41,14,3,2,13
105208,Ernests Gulbis     ,Clay,2015-520,05/14/2015,Roland ,15,5,54,42,25,6,4,16
105227,Marin Cilic        ,Clay,2015-520,05/24/2015,Roland ,34,1,146,119,55,10,9,40
105373,Martin Klizan      ,Clay,2015-520,05/14/2015,Roland ,5,2,46,38,13,5,4,13
105449,Steve Johnson      ,Clay,2015-520,05/24/2015,Roland ,16,7,174,123,61,25,16,45
105453,Kei Nishikori      ,Clay,2015-520,05/24/2015,Roland ,15,11,150,122,57,8,3,44
105668,Jerzy Janowicz     ,Clay,2015-520,05/14/2015,Roland ,15,6,86,64,26,10,7,21
105676,David Goffin       ,Clay,2015-520,05/24/2015,Roland ,17,11,115,90,55,14,7,37
105807,Pablo Carreno Busta,Clay,2015-520,05/14/2015,Roland ,2,1,36,27,19,2,2,11
106058,Jack Sock          ,Clay,2015-520,05/24/2015,Roland ,15,24,182,141,98,22,19,50
106233,Dominic Thiem      ,Clay,2015-520,05/24/2015,Roland ,9,5,86,64,30,8,5,21
106401,Nick Kyrgios       ,Clay,2015-520,05/14/2015,Roland ,7,2,62,49,11,11,9,14
103333,Ivo Karlovic       ,Gras,2015-540,06/29/2015,Wimbled,136,17,297,265,74,4,1,78
103819,Roger Federer      ,Gras,2015-540,06/29/2015,Wimbled,67,5,317,269,101,4,3,90
103852,Feliciano Lopez    ,Gras,2015-540,06/19/2015,Wimbled,14,2,52,43,26,1,1,15
104269,Fernando Verdasco  ,Gras,2015-540,06/29/2015,Wimbled,44,22,208,169,81,22,18,59
104312,Andreas Seppi      ,Gras,2015-540,06/29/2015,Wimbled,20,5,125,96,41,10,5,36
104468,Gilles Simon       ,Gras,2015-540,06/29/2015,Wimbled,24,8,268,195,93,20,12,69
104527,Stanislas Wawrinka ,Gras,2015-540,06/29/2015,Wimbled,67,18,226,191,91,10,8,64
104542,Jo Wilfried Tsonga ,Gras,2015-540,06/29/2015,Wimbled,55,8,146,130,41,11,9,40
104545,John Isner         ,Gras,2015-540,06/29/2015,Wimbled,61,4,130,112,22,3,2,31
104586,Lukas Rosol        ,Gras,2015-540,06/19/2015,Wimbled,14,10,62,48,28,7,5,16
104607,Tomas Berdych      ,Gras,2015-540,06/29/2015,Wimbled,43,8,201,167,72,15,9,55
104665,Pablo Andujar      ,Gras,2015-540,06/29/2015,Wimbled,16,10,184,129,68,19,12,49
104731,Kevin Anderson     ,Gras,2015-540,06/29/2015,Wimbled,79,20,184,159,79,10,7,57
104745,Rafael Nadal       ,Gras,2015-540,06/19/2015,Wimbled,1,5,49,32,22,6,4,14
104755,Richard Gasquet    ,Gras,2015-540,06/29/2015,Wimbled,37,15,329,265,119,24,17,91
104792,Gael Monfils       ,Gras,2015-540,06/29/2015,Wimbled,31,6,105,93,44,3,2,33
104918,Andy Murray        ,Gras,2015-540,06/29/2015,Wimbled,41,15,319,250,92,24,17,81
104919,Leonardo Mayer     ,Gras,2015-540,06/29/2015,Wimbled,24,4,131,110,47,6,5,33
104925,Novak Djokovic     ,Gras,2015-540,06/29/2015,Wimbled,77,11,512,392,140,32,26,122
104926,Fabio Fognini      ,Gras,2015-540,06/19/2015,Wimbled,1,4,48,33,19,6,4,13
105023,Sam Querrey        ,Gras,2015-540,06/19/2015,Wimbled,30,3,44,41,23,0,0,16
105053,Santiago Giraldo   ,Gras,2015-540,06/19/2015,Wimbled,7,0,56,36,17,5,3,14
105138,Roberto Bautista Ag,Gras,2015-540,06/29/2015,Wimbled,16,10,207,156,48,13,8,49
105173,Adrian Mannarino   ,Gras,2015-540,06/19/2015,Wimbled,7,2,63,49,30,6,5,18
105227,Marin Cilic        ,Gras,2015-540,06/29/2015,Wimbled,99,16,368,304,113,28,21,97
105238,Alexandr Dolgopolov,Gras,2015-540,06/19/2015,Wimbled,8,6,59,45,18,3,2,14
105449,Steve Johnson      ,Gras,2015-540,06/19/2015,Wimbled,33,10,84,74,38,9,8,25
105453,Kei Nishikori      ,Gras,2015-540,06/29/2015,Wimbled,14,4,82,61,38,4,3,23
105676,David Goffin       ,Gras,2015-540,06/29/2015,Wimbled,32,13,142,124,49,11,8,40
105683,Milos Raonic       ,Gras,2015-540,06/29/2015,Wimbled,54,10,156,127,46,6,5,38
105777,Grigor Dimitrov    ,Gras,2015-540,06/29/2015,Wimbled,23,6,104,90,46,5,5,29
106233,Dominic Thiem      ,Gras,2015-540,06/19/2015,Wimbled,10,3,76,59,16,6,3,19
106401,Nick Kyrgios       ,Gras,2015-540,06/29/2015,Wimbled,62,13,198,162,63,8,6,52
103333,Ivo Karlovic       ,Hard,2015-560,08/31/2015,US Open,21,2,62,55,17,3,3,17
103819,Roger Federer      ,Hard,2015-560,08/31/2015,US Open,67,15,304,249,100,15,13,82
103852,Feliciano Lopez    ,Hard,2015-560,08/31/2015,US Open,55,19,243,190,89,31,22,67
103970,David Ferrer       ,Hard,2015-560,08/31/2015,US Open,4,4,133,100,44,20,14,35
103990,Tommy Robredo      ,Hard,2015-560,08/31/2015,US Open,14,3,83,71,51,7,6,29
104022,Mikhail Youzhny    ,Hard,2015-560,08/31/2015,US Open,10,9,68,51,24,5,1,20
104198,Guillermo Garcia Lo,Hard,2015-560,08/31/2015,US Open,27,17,161,127,64,19,13,43
104259,Philipp Kohlschreib,Hard,2015-560,08/31/2015,US Open,14,5,138,98,54,16,12,36
104269,Fernando Verdasco  ,Hard,2015-560,08/31/2015,US Open,21,7,71,57,30,7,4,22
104312,Andreas Seppi      ,Hard,2015-560,08/31/2015,US Open,27,8,103,81,51,13,6,33
104527,Stanislas Wawrinka ,Hard,2015-560,08/31/2015,US Open,59,22,275,218,142,32,21,81
104542,Jo Wilfried Tsonga ,Hard,2015-560,08/31/2015,US Open,44,4,182,155,79,2,2,56
104545,John Isner         ,Hard,2015-560,08/31/2015,US Open,64,10,129,115,49,8,8,39
104586,Lukas Rosol        ,Hard,2015-560,08/31/2015,US Open,7,5,49,39,32,6,4,15
104607,Tomas Berdych      ,Hard,2015-560,08/31/2015,US Open,33,4,165,131,84,19,15,49
104655,Pablo Cuevas       ,Hard,2015-560,08/21/2015,US Open,11,6,67,52,21,12,10,17
104731,Kevin Anderson     ,Hard,2015-560,08/31/2015,US Open,94,16,320,266,88,20,16,77
104745,Rafael Nadal       ,Hard,2015-560,08/31/2015,US Open,14,7,138,111,27,10,5,35
104755,Richard Gasquet    ,Hard,2015-560,08/31/2015,US Open,35,10,256,203,79,20,11,70
104797,Denis Istomin      ,Hard,2015-560,08/31/2015,US Open,11,2,67,48,33,12,9,19
104871,Jeremy Chardy      ,Hard,2015-560,08/31/2015,US Open,31,17,206,159,59,17,9,54
104918,Andy Murray        ,Hard,2015-560,08/31/2015,US Open,39,4,148,112,58,21,15,42
104925,Novak Djokovic     ,Hard,2015-560,08/31/2015,US Open,47,13,418,313,147,45,33,111
104926,Fabio Fognini      ,Hard,2015-560,08/31/2015,US Open,15,22,208,149,83,38,23,58
105138,Roberto Bautista Ag,Hard,2015-560,08/31/2015,US Open,22,21,201,139,94,27,18,54
105173,Adrian Mannarino   ,Hard,2015-560,08/21/2015,US Open,9,2,60,48,26,11,8,15
105227,Marin Cilic        ,Hard,2015-560,08/31/2015,US Open,110,20,346,282,157,32,23,103
105373,Martin Klizan      ,Hard,2015-560,08/31/2015,US Open,5,6,46,37,30,5,3,17
105676,David Goffin       ,Hard,2015-560,08/31/2015,US Open,35,9,100,89,58,12,9,35
105683,Milos Raonic       ,Hard,2015-560,08/31/2015,US Open,33,13,125,102,65,10,10,36
105777,Grigor Dimitrov    ,Hard,2015-560,08/31/2015,US Open,10,0,44,37,22,1,1,14
105807,Pablo Carreno Busta,Hard,2015-560,08/21/2015,US Open,9,0,67,48,31,9,7,19
106058,Jack Sock          ,Hard,2015-560,08/31/2015,US Open,2,5,42,30,21,3,2,13
106233,Dominic Thiem      ,Hard,2015-560,08/31/2015,US Open,6,3,98,75,35,4,3,28
